{"anncomplete":true,"metas":{},"relations":[],"entities":[{"classId":"e_1","part":"s1v1","offsets":[{"start":0,"text":"ZULEÏKA"}],"coordinates":[],"confidence":{"state":"pre-added","who":["user:cvbrandoe","user:francescafrontini"],"prob":1},"fields":{},"normalizations":{}},{"classId":"e_2","part":"s1v1","offsets":[{"start":13,"text":"Nil"}],"coordinates":[],"confidence":{"state":"pre-added","who":["user:francescafrontini"],"prob":1},"fields":{},"normalizations":{}},{"classId":"e_2","part":"s1v1","offsets":[{"start":483,"text":"Oph"}],"coordinates":[],"confidence":{"state":"pre-added","who":["ml:stanza"],"prob":1},"fields":{},"normalizations":{}},{"classId":"e_6","part":"s1v1","offsets":[{"start":508,"text":"Pharaons"}],"coordinates":[],"confidence":{"state":"pre-added","who":["ml:stanza","user:cvbrandoe","user:francescafrontini"],"prob":1},"fields":{},"normalizations":{}},{"classId":"e_2","part":"s1v1","offsets":[{"start":1216,"text":"Nil"}],"coordinates":[],"confidence":{"state":"pre-added","who":["user:francescafrontini"],"prob":1},"fields":{},"normalizations":{}},{"classId":"e_2","part":"s1v1","offsets":[{"start":1405,"text":"Orient"}],"coordinates":[],"confidence":{"state":"pre-added","who":["ml:stanza","user:francescafrontini"],"prob":1},"fields":{},"normalizations":{}},{"classId":"e_1","part":"s1v1","offsets":[{"start":1534,"text":"Osiris"}],"coordinates":[],"confidence":{"state":"pre-added","who":["ml:stanza","user:cvbrandoe","user:francescafrontini"],"prob":1},"fields":{},"normalizations":{}},{"classId":"e_1","part":"s1v1","offsets":[{"start":1746,"text":"Ra Haremku Khepra"}],"coordinates":[],"confidence":{"state":"pre-added","who":["ml:stanza","user:francescafrontini"],"prob":1},"fields":{},"normalizations":{}},{"classId":"e_2","part":"s1v1","offsets":[{"start":2505,"text":"Arabie"}],"coordinates":[],"confidence":{"state":"pre-added","who":["ml:stanza"],"prob":1},"fields":{},"normalizations":{}},{"classId":"e_1","part":"s1v1","offsets":[{"start":2698,"text":"Ra"}],"coordinates":[],"confidence":{"state":"pre-added","who":["user:francescafrontini"],"prob":1},"fields":{},"normalizations":{}},{"classId":"e_4","part":"s1v1","offsets":[{"start":2764,"text":"Nun"}],"coordinates":[],"confidence":{"state":"pre-added","who":["ml:stanza"],"prob":1},"fields":{},"normalizations":{}},{"classId":"e_4","part":"s1v1","offsets":[{"start":2937,"text":"Nun"}],"coordinates":[],"confidence":{"state":"pre-added","who":["user:francescafrontini"],"prob":1},"fields":{},"normalizations":{}}],"annotatable":{"parts":["s1v1"]}}