{"anncomplete":true,"metas":{},"relations":[],"entities":[{"classId":"e_1","part":"s1v1","offsets":[{"start":78,"text":"Norine Duclos"}],"coordinates":[],"confidence":{"state":"pre-added","who":["ml:stanza"],"prob":1},"fields":{},"normalizations":{}},{"classId":"e_1","part":"s1v1","offsets":[{"start":192,"text":"Norine"}],"coordinates":[],"confidence":{"state":"pre-added","who":["ml:stanza"],"prob":1},"fields":{},"normalizations":{}},{"classId":"e_1","part":"s1v1","offsets":[{"start":261,"text":"Mandine"}],"coordinates":[],"confidence":{"state":"pre-added","who":["ml:stanza"],"prob":1},"fields":{},"normalizations":{}},{"classId":"e_1","part":"s1v1","offsets":[{"start":381,"text":"Jean-Claude"}],"coordinates":[],"confidence":{"state":"pre-added","who":["ml:stanza"],"prob":1},"fields":{},"normalizations":{}},{"classId":"e_1","part":"s1v1","offsets":[{"start":428,"text":"la Rose"}],"coordinates":[],"confidence":{"state":"pre-added","who":["user:cvbrandoe"],"prob":1},"fields":{},"normalizations":{}},{"classId":"e_1","part":"s1v1","offsets":[{"start":490,"text":"Désirée"}],"coordinates":[],"confidence":{"state":"pre-added","who":["user:cvbrandoe"],"prob":1},"fields":{},"normalizations":{}},{"classId":"e_1","part":"s1v1","offsets":[{"start":688,"text":"Cellier"}],"coordinates":[],"confidence":{"state":"pre-added","who":["ml:stanza"],"prob":1},"fields":{},"normalizations":{}},{"classId":"e_1","part":"s1v1","offsets":[{"start":701,"text":"Norine"}],"coordinates":[],"confidence":{"state":"pre-added","who":["ml:stanza"],"prob":1},"fields":{},"normalizations":{}},{"classId":"e_2","part":"s1v1","offsets":[{"start":885,"text":"Saint-Brunelle"}],"coordinates":[],"confidence":{"state":"pre-added","who":["ml:stanza","user:cvbrandoe"],"prob":1},"fields":{},"normalizations":{}},{"classId":"e_1","part":"s1v1","offsets":[{"start":1164,"text":"Armandine"}],"coordinates":[],"confidence":{"state":"pre-added","who":["ml:stanza"],"prob":1},"fields":{},"normalizations":{}},{"classId":"e_1","part":"s1v1","offsets":[{"start":1175,"text":"la Rose"}],"coordinates":[],"confidence":{"state":"pre-added","who":["ml:stanza"],"prob":1},"fields":{},"normalizations":{}},{"classId":"e_1","part":"s1v1","offsets":[{"start":1191,"text":"Désirée"}],"coordinates":[],"confidence":{"state":"pre-added","who":["ml:stanza"],"prob":1},"fields":{},"normalizations":{}},{"classId":"e_1","part":"s1v1","offsets":[{"start":1213,"text":"la Rose"}],"coordinates":[],"confidence":{"state":"pre-added","who":["user:cvbrandoe"],"prob":1},"fields":{},"normalizations":{}},{"classId":"e_1","part":"s1v1","offsets":[{"start":1305,"text":"Norine"}],"coordinates":[],"confidence":{"state":"pre-added","who":["ml:stanza"],"prob":1},"fields":{},"normalizations":{}},{"classId":"e_1","part":"s1v1","offsets":[{"start":1425,"text":"la Rose"}],"coordinates":[],"confidence":{"state":"pre-added","who":["user:cvbrandoe"],"prob":1},"fields":{},"normalizations":{}},{"classId":"e_7","part":"s1v1","offsets":[{"start":1581,"text":"oncle"}],"coordinates":[],"confidence":{"state":"pre-added","who":["user:cvbrandoe"],"prob":1},"fields":{},"normalizations":{}},{"classId":"e_1","part":"s1v1","offsets":[{"start":1587,"text":"Jean-Claude"}],"coordinates":[],"confidence":{"state":"pre-added","who":["ml:stanza"],"prob":1},"fields":{},"normalizations":{}},{"classId":"e_7","part":"s1v1","offsets":[{"start":2000,"text":"père"}],"coordinates":[],"confidence":{"state":"pre-added","who":["user:cvbrandoe"],"prob":1},"fields":{},"normalizations":{}},{"classId":"e_1","part":"s1v1","offsets":[{"start":2005,"text":"Roux"}],"coordinates":[],"confidence":{"state":"pre-added","who":["user:cvbrandoe"],"prob":1},"fields":{},"normalizations":{}},{"classId":"e_1","part":"s1v1","offsets":[{"start":2132,"text":"Perpétue"}],"coordinates":[],"confidence":{"state":"pre-added","who":["ml:stanza"],"prob":1},"fields":{},"normalizations":{}},{"classId":"e_4","part":"s1v1","offsets":[{"start":2175,"text":"Dieu"}],"coordinates":[],"confidence":{"state":"pre-added","who":["ml:stanza"],"prob":1},"fields":{},"normalizations":{}},{"classId":"e_1","part":"s1v1","offsets":[{"start":2274,"text":"Jean-Claude"}],"coordinates":[],"confidence":{"state":"pre-added","who":["ml:stanza"],"prob":1},"fields":{},"normalizations":{}},{"classId":"e_1","part":"s1v1","offsets":[{"start":2296,"text":"Jean-Claude"}],"coordinates":[],"confidence":{"state":"pre-added","who":["user:cvbrandoe"],"prob":1},"fields":{},"normalizations":{}},{"classId":"e_1","part":"s1v1","offsets":[{"start":2336,"text":"Norine"}],"coordinates":[],"confidence":{"state":"pre-added","who":["ml:stanza"],"prob":1},"fields":{},"normalizations":{}},{"classId":"e_1","part":"s1v1","offsets":[{"start":2373,"text":"Jean-Claude"}],"coordinates":[],"confidence":{"state":"pre-added","who":["ml:stanza"],"prob":1},"fields":{},"normalizations":{}},{"classId":"e_1","part":"s1v1","offsets":[{"start":2433,"text":"Basset"}],"coordinates":[],"confidence":{"state":"pre-added","who":["ml:stanza"],"prob":1},"fields":{},"normalizations":{}},{"classId":"e_7","part":"s1v1","offsets":[{"start":2599,"text":"père"}],"coordinates":[],"confidence":{"state":"pre-added","who":["user:cvbrandoe"],"prob":1},"fields":{},"normalizations":{}},{"classId":"e_1","part":"s1v1","offsets":[{"start":2604,"text":"Roux"}],"coordinates":[],"confidence":{"state":"pre-added","who":["user:cvbrandoe"],"prob":1},"fields":{},"normalizations":{}},{"classId":"e_1","part":"s1v1","offsets":[{"start":2633,"text":"la Rose"}],"coordinates":[],"confidence":{"state":"pre-added","who":["user:cvbrandoe"],"prob":1},"fields":{},"normalizations":{}},{"classId":"e_1","part":"s1v1","offsets":[{"start":2669,"text":"Bassette"}],"coordinates":[],"confidence":{"state":"pre-added","who":["ml:stanza"],"prob":1},"fields":{},"normalizations":{}}],"annotatable":{"parts":["s1v1"]}}