{"anncomplete":true,"metas":{},"relations":[],"entities":[{"classId":"e_1","part":"s1v1","offsets":[{"start":51,"text":"Fortune"}],"coordinates":[],"confidence":{"state":"pre-added","who":["ml:stanza"],"prob":1},"fields":{},"normalizations":{}},{"classId":"e_1","part":"s1v1","offsets":[{"start":106,"text":"Fortune"}],"coordinates":[],"confidence":{"state":"pre-added","who":["ml:stanza"],"prob":1},"fields":{},"normalizations":{}},{"classId":"e_6","part":"s1v1","offsets":[{"start":127,"text":"Français"}],"coordinates":[],"confidence":{"state":"pre-added","who":["ml:stanza","user:cvbrandoe"],"prob":1},"fields":{},"normalizations":{}},{"classId":"e_6","part":"s1v1","offsets":[{"start":171,"text":"Espagnols"}],"coordinates":[],"confidence":{"state":"pre-added","who":["ml:stanza","user:cvbrandoe"],"prob":1},"fields":{},"normalizations":{}},{"classId":"e_2","part":"s1v1","offsets":[{"start":369,"text":"Paris"}],"coordinates":[],"confidence":{"state":"pre-added","who":["ml:stanza"],"prob":1},"fields":{},"normalizations":{}},{"classId":"e_2","part":"s1v1","offsets":[{"start":384,"text":"Florence"}],"coordinates":[],"confidence":{"state":"pre-added","who":["ml:stanza"],"prob":1},"fields":{},"normalizations":{}},{"classId":"e_2","part":"s1v1","offsets":[{"start":396,"text":"Turin"}],"coordinates":[],"confidence":{"state":"pre-added","who":["ml:stanza"],"prob":1},"fields":{},"normalizations":{}},{"classId":"e_2","part":"s1v1","offsets":[{"start":999,"text":"Espagne"}],"coordinates":[],"confidence":{"state":"pre-added","who":["ml:stanza"],"prob":1},"fields":{},"normalizations":{}},{"classId":"e_4","part":"s1v1","offsets":[{"start":1089,"text":"à la Castillane"}],"coordinates":[],"confidence":{"state":"pre-added","who":["user:cvbrandoe"],"prob":1},"fields":{},"normalizations":{}},{"classId":"e_6","part":"s1v1","offsets":[{"start":1652,"text":"Italien"}],"coordinates":[],"confidence":{"state":"pre-added","who":["ml:stanza","user:cvbrandoe"],"prob":1},"fields":{},"normalizations":{}},{"classId":"e_4","part":"s1v1","offsets":[{"start":1701,"text":"cathédrale de Plaisance"}],"coordinates":[],"confidence":{"state":"pre-added","who":["user:cvbrandoe"],"prob":1},"fields":{},"normalizations":{}},{"classId":"e_2","part":"s1v1","offsets":[{"start":1757,"text":"Espagne"}],"coordinates":[],"confidence":{"state":"pre-added","who":["ml:stanza"],"prob":1},"fields":{},"normalizations":{}},{"classId":"e_3","part":"s1v1","offsets":[{"start":1798,"text":"État"}],"coordinates":[],"confidence":{"state":"pre-added","who":["ml:stanza","user:cvbrandoe"],"prob":1},"fields":{},"normalizations":{}},{"classId":"e_1","part":"s1v1","offsets":[{"start":1806,"text":"roi Philippe V"}],"coordinates":[],"confidence":{"state":"pre-added","who":["user:cvbrandoe"],"prob":1},"fields":{},"normalizations":{}},{"classId":"e_1","part":"s1v1","offsets":[{"start":1835,"text":"Jules Alberoni"}],"coordinates":[],"confidence":{"state":"pre-added","who":["ml:stanza"],"prob":1},"fields":{},"normalizations":{}},{"classId":"e_1","part":"s1v1","offsets":[{"start":1922,"text":"Charles-quint"}],"coordinates":[],"confidence":{"state":"pre-added","who":["ml:stanza"],"prob":1},"fields":{},"normalizations":{}},{"classId":"e_2","part":"s1v1","offsets":[{"start":1940,"text":"Suède"}],"coordinates":[],"confidence":{"state":"pre-added","who":["ml:stanza"],"prob":1},"fields":{},"normalizations":{}},{"classId":"e_2","part":"s1v1","offsets":[{"start":1964,"text":"Italie"}],"coordinates":[],"confidence":{"state":"pre-added","who":["ml:stanza"],"prob":1},"fields":{},"normalizations":{}},{"classId":"e_2","part":"s1v1","offsets":[{"start":1980,"text":"Allemagne"}],"coordinates":[],"confidence":{"state":"pre-added","who":["ml:stanza"],"prob":1},"fields":{},"normalizations":{}},{"classId":"e_2","part":"s1v1","offsets":[{"start":2001,"text":"Turquie"}],"coordinates":[],"confidence":{"state":"pre-added","who":["ml:stanza"],"prob":1},"fields":{},"normalizations":{}},{"classId":"e_2","part":"s1v1","offsets":[{"start":2023,"text":"Russie"}],"coordinates":[],"confidence":{"state":"pre-added","who":["ml:stanza"],"prob":1},"fields":{},"normalizations":{}},{"classId":"e_2","part":"s1v1","offsets":[{"start":2166,"text":"France"}],"coordinates":[],"confidence":{"state":"pre-added","who":["ml:stanza"],"prob":1},"fields":{},"normalizations":{}},{"classId":"e_2","part":"s1v1","offsets":[{"start":2178,"text":"Angleterre"}],"coordinates":[],"confidence":{"state":"pre-added","who":["ml:stanza"],"prob":1},"fields":{},"normalizations":{}},{"classId":"e_2","part":"s1v1","offsets":[{"start":2194,"text":"France"}],"coordinates":[],"confidence":{"state":"pre-added","who":["user:cvbrandoe"],"prob":1},"fields":{},"normalizations":{}},{"classId":"e_2","part":"s1v1","offsets":[{"start":2240,"text":"Angleterre"}],"coordinates":[],"confidence":{"state":"pre-added","who":["ml:stanza"],"prob":1},"fields":{},"normalizations":{}},{"classId":"e_6","part":"s1v1","offsets":[{"start":2284,"text":"Stuarts"}],"coordinates":[],"confidence":{"state":"pre-added","who":["ml:stanza","user:cvbrandoe"],"prob":1},"fields":{},"normalizations":{}},{"classId":"e_3","part":"s1v1","offsets":[{"start":2320,"text":"Église protestante"}],"coordinates":[],"confidence":{"state":"pre-added","who":["ml:stanza"],"prob":1},"fields":{},"normalizations":{}},{"classId":"e_1","part":"s1v1","offsets":[{"start":2374,"text":"Alberoni"}],"coordinates":[],"confidence":{"state":"pre-added","who":["ml:stanza"],"prob":1},"fields":{},"normalizations":{}},{"classId":"e_2","part":"s1v1","offsets":[{"start":2488,"text":"Europe"}],"coordinates":[],"confidence":{"state":"pre-added","who":["ml:stanza"],"prob":1},"fields":{},"normalizations":{}},{"classId":"e_2","part":"s1v1","offsets":[{"start":2541,"text":"Angleterre"}],"coordinates":[],"confidence":{"state":"pre-added","who":["ml:stanza"],"prob":1},"fields":{},"normalizations":{}},{"classId":"e_2","part":"s1v1","offsets":[{"start":2558,"text":"France"}],"coordinates":[],"confidence":{"state":"pre-added","who":["ml:stanza"],"prob":1},"fields":{},"normalizations":{}},{"classId":"e_2","part":"s1v1","offsets":[{"start":2598,"text":"France"}],"coordinates":[],"confidence":{"state":"pre-added","who":["user:cvbrandoe"],"prob":1},"fields":{},"normalizations":{}},{"classId":"e_1","part":"s1v1","offsets":[{"start":2715,"text":"Louis XIV"}],"coordinates":[],"confidence":{"state":"pre-added","who":["ml:stanza"],"prob":1},"fields":{},"normalizations":{}},{"classId":"e_2","part":"s1v1","offsets":[{"start":2759,"text":"Bretagne"}],"coordinates":[],"confidence":{"state":"pre-added","who":["user:cvbrandoe"],"prob":1},"fields":{},"normalizations":{}},{"classId":"e_2","part":"s1v1","offsets":[{"start":2779,"text":"Angleterre"}],"coordinates":[],"confidence":{"state":"pre-added","who":["ml:stanza"],"prob":1},"fields":{},"normalizations":{}},{"classId":"e_1","part":"s1v1","offsets":[{"start":2804,"text":"Stuarts"}],"coordinates":[],"confidence":{"state":"pre-added","who":["ml:stanza"],"prob":1},"fields":{},"normalizations":{}},{"classId":"e_2","part":"s1v1","offsets":[{"start":2838,"text":"Écosse"}],"coordinates":[],"confidence":{"state":"pre-added","who":["ml:stanza"],"prob":1},"fields":{},"normalizations":{}},{"classId":"e_2","part":"s1v1","offsets":[{"start":2857,"text":"Irlande"}],"coordinates":[],"confidence":{"state":"pre-added","who":["ml:stanza"],"prob":1},"fields":{},"normalizations":{}},{"classId":"e_7","part":"s1v1","offsets":[{"start":2891,"text":"chevalier"}],"coordinates":[],"confidence":{"state":"pre-added","who":["user:cvbrandoe"],"prob":1},"fields":{},"normalizations":{}},{"classId":"e_1","part":"s1v1","offsets":[{"start":2901,"text":"de Saint-Georges"}],"coordinates":[],"confidence":{"state":"pre-added","who":["user:cvbrandoe"],"prob":1},"fields":{},"normalizations":{}},{"classId":"e_1","part":"s1v1","offsets":[{"start":2927,"text":"roi Jacques"}],"coordinates":[],"confidence":{"state":"pre-added","who":["user:cvbrandoe"],"prob":1},"fields":{},"normalizations":{}},{"classId":"e_7","part":"s1v1","offsets":[{"start":3088,"text":"princesse"}],"coordinates":[],"confidence":{"state":"pre-added","who":["user:cvbrandoe"],"prob":1},"fields":{},"normalizations":{}},{"classId":"e_1","part":"s1v1","offsets":[{"start":3098,"text":"des Ursins"}],"coordinates":[],"confidence":{"state":"pre-added","who":["user:cvbrandoe"],"prob":1},"fields":{},"normalizations":{}},{"classId":"e_2","part":"s1v1","offsets":[{"start":3130,"text":"Alcala"}],"coordinates":[],"confidence":{"state":"pre-added","who":["ml:stanza"],"prob":1},"fields":{},"normalizations":{}},{"classId":"e_2","part":"s1v1","offsets":[{"start":3140,"text":"Hénarès"}],"coordinates":[],"confidence":{"state":"pre-added","who":["ml:stanza"],"prob":1},"fields":{},"normalizations":{}},{"classId":"e_2","part":"s1v1","offsets":[{"start":3157,"text":"Madrid"}],"coordinates":[],"confidence":{"state":"pre-added","who":["ml:stanza"],"prob":1},"fields":{},"normalizations":{}},{"classId":"e_1","part":"s1v1","offsets":[{"start":3486,"text":"Fortune"}],"coordinates":[],"confidence":{"state":"pre-added","who":["ml:stanza"],"prob":1},"fields":{},"normalizations":{}}],"annotatable":{"parts":["s1v1"]}}