{"anncomplete":true,"metas":{},"relations":[],"entities":[{"classId":"e_1","part":"s1v1","offsets":[{"start":14,"text":"Georges L."}],"coordinates":[],"confidence":{"state":"pre-added","who":["ml:stanza"],"prob":1},"fields":{},"normalizations":{}},{"classId":"e_1","part":"s1v1","offsets":[{"start":27,"text":"Paul B."}],"coordinates":[],"confidence":{"state":"pre-added","who":["ml:stanza"],"prob":1},"fields":{},"normalizations":{}},{"classId":"e_2","part":"s1v1","offsets":[{"start":38,"text":"Paris"}],"coordinates":[],"confidence":{"state":"pre-added","who":["user:francescafrontini"],"prob":1},"fields":{},"normalizations":{}},{"classId":"e_2","part":"s1v1","offsets":[{"start":47,"text":"Rozel"}],"coordinates":[],"confidence":{"state":"pre-added","who":["user:francescafrontini"],"prob":1},"fields":{},"normalizations":{}},{"classId":"e_2","part":"s1v1","offsets":[{"start":121,"text":"Allemagne"}],"coordinates":[],"confidence":{"state":"pre-added","who":["ml:stanza"],"prob":1},"fields":{},"normalizations":{}},{"classId":"e_2","part":"s1v1","offsets":[{"start":210,"text":"Paris"}],"coordinates":[],"confidence":{"state":"pre-added","who":["ml:stanza"],"prob":1},"fields":{},"normalizations":{}},{"classId":"e_2","part":"s1v1","offsets":[{"start":426,"text":"basse Normandie"}],"coordinates":[],"confidence":{"state":"pre-added","who":["user:francescafrontini"],"prob":1},"fields":{},"normalizations":{}},{"classId":"e_1","part":"s1v1","offsets":[{"start":1047,"text":"Grâces"}],"coordinates":[],"confidence":{"state":"pre-added","who":["user:francescafrontini"],"prob":1},"fields":{},"normalizations":{}},{"classId":"e_1","part":"s1v1","offsets":[{"start":1180,"text":"Colin"}],"coordinates":[],"confidence":{"state":"pre-added","who":["ml:stanza"],"prob":1},"fields":{},"normalizations":{}},{"classId":"e_2","part":"s1v1","offsets":[{"start":1869,"text":"abbaye du Rozel"}],"coordinates":[],"confidence":{"state":"pre-added","who":["ml:stanza"],"prob":1},"fields":{},"normalizations":{}},{"classId":"e_2","part":"s1v1","offsets":[{"start":2356,"text":"Rozel"}],"coordinates":[],"confidence":{"state":"pre-added","who":["ml:stanza"],"prob":1},"fields":{},"normalizations":{}},{"classId":"e_2","part":"s1v1","offsets":[{"start":4062,"text":"abbaye du Rozel"}],"coordinates":[],"confidence":{"state":"pre-added","who":["ml:stanza"],"prob":1},"fields":{},"normalizations":{}},{"classId":"e_2","part":"s1v1","offsets":[{"start":4090,"text":"Rozel"}],"coordinates":[],"confidence":{"state":"pre-added","who":["ml:stanza"],"prob":1},"fields":{},"normalizations":{}},{"classId":"e_1","part":"s1v1","offsets":[{"start":6097,"text":"Cérès"}],"coordinates":[],"confidence":{"state":"pre-added","who":["ml:stanza","user:cvbrandoe","user:francescafrontini"],"prob":1},"fields":{},"normalizations":{}},{"classId":"e_6","part":"s1v1","offsets":[{"start":10751,"text":"Normand"}],"coordinates":[],"confidence":{"state":"pre-added","who":["ml:stanza","user:francescafrontini"],"prob":1},"fields":{},"normalizations":{}},{"classId":"e_5","part":"s1v1","offsets":[{"start":11274,"text":"le Malade"}],"coordinates":[],"confidence":{"state":"pre-added","who":["user:francescafrontini"],"prob":1},"fields":{},"normalizations":{}},{"classId":"e_5","part":"s1v1","offsets":[{"start":11619,"text":"Aventures de Télémaque"}],"coordinates":[],"confidence":{"state":"pre-added","who":["ml:stanza","user:francescafrontini"],"prob":1},"fields":{},"normalizations":{}},{"classId":"e_1","part":"s1v1","offsets":[{"start":11684,"text":"Mentor"}],"coordinates":[],"confidence":{"state":"pre-added","who":["user:francescafrontini"],"prob":1},"fields":{},"normalizations":{}},{"classId":"e_1","part":"s1v1","offsets":[{"start":11955,"text":"Paul"}],"coordinates":[],"confidence":{"state":"pre-added","who":["ml:stanza","user:cvbrandoe"],"prob":1},"fields":{},"normalizations":{}},{"classId":"e_6","part":"s1v1","offsets":[{"start":15091,"text":"Fredons"}],"coordinates":[],"confidence":{"state":"pre-added","who":["ml:stanza","user:francescafrontini"],"prob":1},"fields":{},"normalizations":{}},{"classId":"e_1","part":"s1v1","offsets":[{"start":15134,"text":"Panurge"}],"coordinates":[],"confidence":{"state":"pre-added","who":["ml:stanza"],"prob":1},"fields":{},"normalizations":{}},{"classId":"e_8","part":"s1v1","offsets":[{"start":15408,"text":"Réforme"}],"coordinates":[],"confidence":{"state":"pre-added","who":["user:francescafrontini"],"prob":1},"fields":{},"normalizations":{}},{"classId":"e_1","part":"s1v1","offsets":[{"start":15528,"text":"Rabelais"}],"coordinates":[],"confidence":{"state":"pre-added","who":["ml:stanza"],"prob":1},"fields":{},"normalizations":{}},{"classId":"e_1","part":"s1v1","offsets":[{"start":16111,"text":"Robinson"}],"coordinates":[],"confidence":{"state":"pre-added","who":["ml:stanza"],"prob":1},"fields":{},"normalizations":{}},{"classId":"e_2","part":"s1v1","offsets":[{"start":16855,"text":"Cologne"}],"coordinates":[],"confidence":{"state":"pre-added","who":["ml:stanza"],"prob":1},"fields":{},"normalizations":{}},{"classId":"e_2","part":"s1v1","offsets":[{"start":16989,"text":"Paris"}],"coordinates":[],"confidence":{"state":"pre-added","who":["ml:stanza"],"prob":1},"fields":{},"normalizations":{}},{"classId":"e_5","part":"s1v1","offsets":[{"start":17871,"text":"Iliade"}],"coordinates":[],"confidence":{"state":"pre-added","who":["ml:stanza","user:francescafrontini"],"prob":1},"fields":{},"normalizations":{}},{"classId":"e_5","part":"s1v1","offsets":[{"start":17884,"text":"Énéide"}],"coordinates":[],"confidence":{"state":"pre-added","who":["ml:stanza","user:francescafrontini"],"prob":1},"fields":{},"normalizations":{}}],"annotatable":{"parts":["s1v1"]}}