{"anncomplete":true,"metas":{},"relations":[],"entities":[{"classId":"e_1","part":"s1v1","offsets":[{"start":113,"text":"Lucette"}],"coordinates":[],"confidence":{"state":"pre-added","who":["user:cvbrandoe"],"prob":1},"fields":{},"normalizations":{}},{"classId":"e_1","part":"s1v1","offsets":[{"start":125,"text":"Zonzon"}],"coordinates":[],"confidence":{"state":"pre-added","who":["user:cvbrandoe"],"prob":1},"fields":{},"normalizations":{}},{"classId":"e_1","part":"s1v1","offsets":[{"start":148,"text":"Suzon"}],"coordinates":[],"confidence":{"state":"pre-added","who":["user:cvbrandoe"],"prob":1},"fields":{},"normalizations":{}},{"classId":"e_1","part":"s1v1","offsets":[{"start":465,"text":"Lucette"}],"coordinates":[],"confidence":{"state":"pre-added","who":["ml:stanza"],"prob":1},"fields":{},"normalizations":{}},{"classId":"e_4","part":"s1v1","offsets":[{"start":570,"text":"Louis XVI"}],"coordinates":[],"confidence":{"state":"pre-added","who":["ml:stanza","user:IoanaGalleron"],"prob":1},"fields":{},"normalizations":{}},{"classId":"e_2","part":"s1v1","offsets":[{"start":718,"text":"Saxe"}],"coordinates":[],"confidence":{"state":"pre-added","who":["ml:stanza"],"prob":1},"fields":{},"normalizations":{}},{"classId":"e_1","part":"s1v1","offsets":[{"start":824,"text":"Lucette"}],"coordinates":[],"confidence":{"state":"pre-added","who":["ml:stanza"],"prob":1},"fields":{},"normalizations":{}},{"classId":"e_1","part":"s1v1","offsets":[{"start":1106,"text":"Zonzon"}],"coordinates":[],"confidence":{"state":"pre-added","who":["ml:stanza"],"prob":1},"fields":{},"normalizations":{}},{"classId":"e_1","part":"s1v1","offsets":[{"start":1236,"text":"Lucette"}],"coordinates":[],"confidence":{"state":"pre-added","who":["ml:stanza"],"prob":1},"fields":{},"normalizations":{}},{"classId":"e_1","part":"s1v1","offsets":[{"start":1285,"text":"Zonzon"}],"coordinates":[],"confidence":{"state":"pre-added","who":["ml:stanza"],"prob":1},"fields":{},"normalizations":{}},{"classId":"e_4","part":"s1v1","offsets":[{"start":1399,"text":"Dieu"}],"coordinates":[],"confidence":{"state":"pre-added","who":["user:cvbrandoe"],"prob":1},"fields":{},"normalizations":{}},{"classId":"e_1","part":"s1v1","offsets":[{"start":1847,"text":"Zonzon"}],"coordinates":[],"confidence":{"state":"pre-added","who":["ml:stanza"],"prob":1},"fields":{},"normalizations":{}},{"classId":"e_7","part":"s1v1","offsets":[{"start":2314,"text":"l'architecte"}],"coordinates":[],"confidence":{"state":"pre-added","who":["user:IoanaGalleron"],"prob":1},"fields":{},"normalizations":{}},{"classId":"e_1","part":"s1v1","offsets":[{"start":2327,"text":"René Savourette"}],"coordinates":[],"confidence":{"state":"pre-added","who":["ml:stanza"],"prob":1},"fields":{},"normalizations":{}},{"classId":"e_2","part":"s1v1","offsets":[{"start":2366,"text":"château des Barres"}],"coordinates":[],"confidence":{"state":"pre-added","who":["ml:stanza"],"prob":1},"fields":{},"normalizations":{}},{"classId":"e_7","part":"s1v1","offsets":[{"start":2424,"text":"le gros entrepreneur"}],"coordinates":[],"confidence":{"state":"pre-added","who":["user:IoanaGalleron"],"prob":1},"fields":{},"normalizations":{}},{"classId":"e_1","part":"s1v1","offsets":[{"start":2445,"text":"Duclos"}],"coordinates":[],"confidence":{"state":"pre-added","who":["ml:stanza"],"prob":1},"fields":{},"normalizations":{}},{"classId":"e_1","part":"s1v1","offsets":[{"start":2537,"text":"Duclos"}],"coordinates":[],"confidence":{"state":"pre-added","who":["ml:stanza"],"prob":1},"fields":{},"normalizations":{}},{"classId":"e_1","part":"s1v1","offsets":[{"start":2631,"text":"Zonzon"}],"coordinates":[],"confidence":{"state":"pre-added","who":["ml:stanza"],"prob":1},"fields":{},"normalizations":{}},{"classId":"e_2","part":"s1v1","offsets":[{"start":2677,"text":"Paris"}],"coordinates":[],"confidence":{"state":"pre-added","who":["ml:stanza"],"prob":1},"fields":{},"normalizations":{}},{"classId":"e_3","part":"s1v1","offsets":[{"start":3056,"text":"Institut Pasteur"}],"coordinates":[],"confidence":{"state":"pre-added","who":["ml:stanza"],"prob":1},"fields":{},"normalizations":{}},{"classId":"e_1","part":"s1v1","offsets":[{"start":3302,"text":"Zonzon"}],"coordinates":[],"confidence":{"state":"pre-added","who":["ml:stanza"],"prob":1},"fields":{},"normalizations":{}},{"classId":"e_1","part":"s1v1","offsets":[{"start":3477,"text":"Zonzon"}],"coordinates":[],"confidence":{"state":"pre-added","who":["user:cvbrandoe"],"prob":1},"fields":{},"normalizations":{}},{"classId":"e_1","part":"s1v1","offsets":[{"start":3496,"text":"Lucette"}],"coordinates":[],"confidence":{"state":"pre-added","who":["user:cvbrandoe"],"prob":1},"fields":{},"normalizations":{}}],"annotatable":{"parts":["s1v1"]}}