{"anncomplete":true,"metas":{},"relations":[],"entities":[{"classId":"e_2","part":"s1v1","offsets":[{"start":170,"text":"rue Saint-Honoré"}],"coordinates":[],"confidence":{"state":"pre-added","who":["ml:stanza"],"prob":1},"fields":{},"normalizations":{}},{"classId":"e_2","part":"s1v1","offsets":[{"start":361,"text":"auberge de Saint-Gabriel"}],"coordinates":[],"confidence":{"state":"pre-added","who":["user:cvbrandoe"],"prob":1},"fields":{},"normalizations":{}},{"classId":"e_1","part":"s1v1","offsets":[{"start":850,"text":"seigneurs de Lameth"}],"coordinates":[],"confidence":{"state":"pre-added","who":["user:IoanaGalleron"],"prob":1},"fields":{},"normalizations":{}},{"classId":"e_1","part":"s1v1","offsets":[{"start":1388,"text":"Louison"}],"coordinates":[],"confidence":{"state":"pre-added","who":["ml:stanza"],"prob":1},"fields":{},"normalizations":{}},{"classId":"e_2","part":"s1v1","offsets":[{"start":1614,"text":"Paris"}],"coordinates":[],"confidence":{"state":"pre-added","who":["ml:stanza"],"prob":1},"fields":{},"normalizations":{}},{"classId":"e_1","part":"s1v1","offsets":[{"start":1658,"text":"M. de Bussy"}],"coordinates":[],"confidence":{"state":"pre-added","who":["user:IoanaGalleron"],"prob":1},"fields":{},"normalizations":{}},{"classId":"e_7","part":"s1v1","offsets":[{"start":2039,"text":"M. le comte"}],"coordinates":[],"confidence":{"state":"pre-added","who":["user:IoanaGalleron"],"prob":1},"fields":{},"normalizations":{}},{"classId":"e_2","part":"s1v1","offsets":[{"start":2066,"text":"Sissone"}],"coordinates":[],"confidence":{"state":"pre-added","who":["ml:stanza"],"prob":1},"fields":{},"normalizations":{}},{"classId":"e_7","part":"s1v1","offsets":[{"start":2102,"text":"M. le comte"}],"coordinates":[],"confidence":{"state":"pre-added","who":["user:IoanaGalleron"],"prob":1},"fields":{},"normalizations":{}},{"classId":"e_1","part":"s1v1","offsets":[{"start":2114,"text":"de Bussy-Lameth"}],"coordinates":[],"confidence":{"state":"pre-added","who":["user:IoanaGalleron"],"prob":1},"fields":{},"normalizations":{}},{"classId":"e_7","part":"s1v1","offsets":[{"start":2130,"text":"le père"}],"coordinates":[],"confidence":{"state":"pre-added","who":["user:IoanaGalleron"],"prob":1},"fields":{},"normalizations":{}},{"classId":"e_7","part":"s1v1","offsets":[{"start":2236,"text":"M. le comte"}],"coordinates":[],"confidence":{"state":"pre-added","who":["user:IoanaGalleron"],"prob":1},"fields":{},"normalizations":{}},{"classId":"e_7","part":"s1v1","offsets":[{"start":2567,"text":"M. le comte"}],"coordinates":[],"confidence":{"state":"pre-added","who":["user:IoanaGalleron"],"prob":1},"fields":{},"normalizations":{}},{"classId":"e_1","part":"s1v1","offsets":[{"start":2719,"text":"Henriette"}],"coordinates":[],"confidence":{"state":"pre-added","who":["ml:stanza"],"prob":1},"fields":{},"normalizations":{}},{"classId":"e_1","part":"s1v1","offsets":[{"start":2763,"text":"Henriette"}],"coordinates":[],"confidence":{"state":"pre-added","who":["ml:stanza"],"prob":1},"fields":{},"normalizations":{}},{"classId":"e_1","part":"s1v1","offsets":[{"start":3220,"text":"Henriette"}],"coordinates":[],"confidence":{"state":"pre-added","who":["ml:stanza"],"prob":1},"fields":{},"normalizations":{}},{"classId":"e_7","part":"s1v1","offsets":[{"start":3680,"text":"M. le comte"}],"coordinates":[],"confidence":{"state":"pre-added","who":["user:IoanaGalleron"],"prob":1},"fields":{},"normalizations":{}},{"classId":"e_7","part":"s1v1","offsets":[{"start":3695,"text":"Châtelaine"}],"coordinates":[],"confidence":{"state":"pre-added","who":["user:IoanaGalleron"],"prob":1},"fields":{},"normalizations":{}},{"classId":"e_2","part":"s1v1","offsets":[{"start":3709,"text":"Pinon"}],"coordinates":[],"confidence":{"state":"pre-added","who":["user:IoanaGalleron"],"prob":1},"fields":{},"normalizations":{}},{"classId":"e_7","part":"s1v1","offsets":[{"start":3716,"text":"comtesse"}],"coordinates":[],"confidence":{"state":"pre-added","who":["user:IoanaGalleron"],"prob":1},"fields":{},"normalizations":{}},{"classId":"e_1","part":"s1v1","offsets":[{"start":3725,"text":"de Lameth"}],"coordinates":[],"confidence":{"state":"pre-added","who":["user:IoanaGalleron"],"prob":1},"fields":{},"normalizations":{}},{"classId":"e_2","part":"s1v1","offsets":[{"start":4034,"text":"Paris"}],"coordinates":[],"confidence":{"state":"pre-added","who":["ml:stanza"],"prob":1},"fields":{},"normalizations":{}},{"classId":"e_2","part":"s1v1","offsets":[{"start":4227,"text":"Picardie"}],"coordinates":[],"confidence":{"state":"pre-added","who":["ml:stanza"],"prob":1},"fields":{},"normalizations":{}},{"classId":"e_7","part":"s1v1","offsets":[{"start":4252,"text":"M. votre père"}],"coordinates":[],"confidence":{"state":"pre-added","who":["user:IoanaGalleron"],"prob":1},"fields":{},"normalizations":{}},{"classId":"e_1","part":"s1v1","offsets":[{"start":4464,"text":"M. de Bussy-Lameth"}],"coordinates":[],"confidence":{"state":"pre-added","who":["user:IoanaGalleron"],"prob":1},"fields":{},"normalizations":{}},{"classId":"e_1","part":"s1v1","offsets":[{"start":4532,"text":"mademoiselle de Roucy"}],"coordinates":[],"confidence":{"state":"pre-added","who":["user:IoanaGalleron"],"prob":1},"fields":{},"normalizations":{}}],"annotatable":{"parts":["s1v1"]}}