{"anncomplete":true,"metas":{},"relations":[],"entities":[{"classId":"e_2","part":"s1v1","offsets":[{"start":982,"text":"palais Visconti"}],"coordinates":[],"confidence":{"state":"pre-added","who":["ml:stanza"],"prob":1},"fields":{},"normalizations":{}},{"classId":"e_1","part":"s1v1","offsets":[{"start":2546,"text":"Palladio"}],"coordinates":[],"confidence":{"state":"pre-added","who":["ml:stanza","user:cvbrandoe","user:francescafrontini"],"prob":1},"fields":{},"normalizations":{}},{"classId":"e_2","part":"s1v1","offsets":[{"start":2796,"text":"Taormina"}],"coordinates":[],"confidence":{"state":"pre-added","who":["ml:stanza"],"prob":1},"fields":{},"normalizations":{}},{"classId":"e_6","part":"s1v1","offsets":[{"start":3542,"text":"Visconti"}],"coordinates":[],"confidence":{"state":"pre-added","who":["ml:stanza","user:francescafrontini"],"prob":1},"fields":{},"normalizations":{}},{"classId":"e_1","part":"s1v1","offsets":[{"start":4654,"text":"Verdi"}],"coordinates":[],"confidence":{"state":"pre-added","who":["ml:stanza"],"prob":1},"fields":{},"normalizations":{}}],"annotatable":{"parts":["s1v1"]}}