{"anncomplete":true,"metas":{},"relations":[],"entities":[{"classId":"e_2","part":"s1v1","offsets":[{"start":205,"text":"Maisons-Alfort"}],"coordinates":[],"confidence":{"state":"pre-added","who":["ml:stanza"],"prob":1},"fields":{},"normalizations":{}},{"classId":"e_2","part":"s1v1","offsets":[{"start":222,"text":"Alfortville"}],"coordinates":[],"confidence":{"state":"pre-added","who":["ml:stanza"],"prob":1},"fields":{},"normalizations":{}},{"classId":"e_1","part":"s1v1","offsets":[{"start":994,"text":"Georges"}],"coordinates":[],"confidence":{"state":"pre-added","who":["ml:stanza","user:cvbrandoe"],"prob":1},"fields":{},"normalizations":{}},{"classId":"e_2","part":"s1v1","offsets":[{"start":1288,"text":"Alfortville"}],"coordinates":[],"confidence":{"state":"pre-added","who":["ml:stanza"],"prob":1},"fields":{},"normalizations":{}},{"classId":"e_1","part":"s1v1","offsets":[{"start":1435,"text":"m'ame Fortier"}],"coordinates":[],"confidence":{"state":"pre-added","who":["user:IoanaGalleron"],"prob":1},"fields":{},"normalizations":{}},{"classId":"e_1","part":"s1v1","offsets":[{"start":1470,"text":"m'ame Fortier"}],"coordinates":[],"confidence":{"state":"pre-added","who":["user:IoanaGalleron"],"prob":1},"fields":{},"normalizations":{}},{"classId":"e_1","part":"s1v1","offsets":[{"start":2213,"text":"m'ame Fortier"}],"coordinates":[],"confidence":{"state":"pre-added","who":["user:IoanaGalleron"],"prob":1},"fields":{},"normalizations":{}}],"annotatable":{"parts":["s1v1"]}}