{"anncomplete":true,"metas":{},"relations":[],"entities":[{"classId":"e_2","part":"s1v1","offsets":[{"start":121,"text":"rue Saint Louis"}],"coordinates":[],"confidence":{"state":"pre-added","who":["ml:stanza"],"prob":1},"fields":{},"normalizations":{}},{"classId":"e_2","part":"s1v1","offsets":[{"start":141,"text":"Marais"}],"coordinates":[],"confidence":{"state":"pre-added","who":["ml:stanza"],"prob":1},"fields":{},"normalizations":{}},{"classId":"e_1","part":"s1v1","offsets":[{"start":326,"text":"M. Derville"}],"coordinates":[],"confidence":{"state":"pre-added","who":["user:IoanaGalleron"],"prob":1},"fields":{},"normalizations":{}},{"classId":"e_1","part":"s1v1","offsets":[{"start":349,"text":"Elise"}],"coordinates":[],"confidence":{"state":"pre-added","who":["ml:stanza"],"prob":1},"fields":{},"normalizations":{}},{"classId":"e_1","part":"s1v1","offsets":[{"start":378,"text":"Mme Auberton"}],"coordinates":[],"confidence":{"state":"pre-added","who":["ml:regex","user:cvbrandoe"],"prob":1},"fields":{},"normalizations":{}},{"classId":"e_1","part":"s1v1","offsets":[{"start":400,"text":"Mme Derville"}],"coordinates":[],"confidence":{"state":"pre-added","who":["ml:regex","user:IoanaGalleron"],"prob":1},"fields":{},"normalizations":{}},{"classId":"e_1","part":"s1v1","offsets":[{"start":493,"text":"Mme Derville"}],"coordinates":[],"confidence":{"state":"pre-added","who":["user:IoanaGalleron"],"prob":1},"fields":{},"normalizations":{}},{"classId":"e_1","part":"s1v1","offsets":[{"start":567,"text":"Elise"}],"coordinates":[],"confidence":{"state":"pre-added","who":["ml:stanza"],"prob":1},"fields":{},"normalizations":{}},{"classId":"e_2","part":"s1v1","offsets":[{"start":953,"text":"Tours"}],"coordinates":[],"confidence":{"state":"pre-added","who":["ml:stanza"],"prob":1},"fields":{},"normalizations":{}},{"classId":"e_1","part":"s1v1","offsets":[{"start":1086,"text":"Elise"}],"coordinates":[],"confidence":{"state":"pre-added","who":["ml:stanza"],"prob":1},"fields":{},"normalizations":{}},{"classId":"e_1","part":"s1v1","offsets":[{"start":1129,"text":"Mme Derville"}],"coordinates":[],"confidence":{"state":"pre-added","who":["ml:regex","user:IoanaGalleron"],"prob":1},"fields":{},"normalizations":{}},{"classId":"e_1","part":"s1v1","offsets":[{"start":1502,"text":"M. DERVILLE"}],"coordinates":[],"confidence":{"state":"pre-added","who":["user:IoanaGalleron"],"prob":1},"fields":{},"normalizations":{}},{"classId":"e_1","part":"s1v1","offsets":[{"start":1563,"text":"Augustine"}],"coordinates":[],"confidence":{"state":"pre-added","who":["ml:stanza"],"prob":1},"fields":{},"normalizations":{}},{"classId":"e_1","part":"s1v1","offsets":[{"start":1707,"text":"Mme AUBERTON"}],"coordinates":[],"confidence":{"state":"pre-added","who":["user:IoanaGalleron"],"prob":1},"fields":{},"normalizations":{}},{"classId":"e_4","part":"s1v1","offsets":[{"start":1837,"text":"la Providence"}],"coordinates":[],"confidence":{"state":"pre-added","who":["user:cvbrandoe"],"prob":1},"fields":{},"normalizations":{}},{"classId":"e_2","part":"s1v1","offsets":[{"start":2088,"text":"Paris"}],"coordinates":[],"confidence":{"state":"pre-added","who":["ml:stanza"],"prob":1},"fields":{},"normalizations":{}},{"classId":"e_4","part":"s1v1","offsets":[{"start":2167,"text":"Dieu"}],"coordinates":[],"confidence":{"state":"pre-added","who":["ml:stanza","user:cvbrandoe"],"prob":1},"fields":{},"normalizations":{}},{"classId":"e_1","part":"s1v1","offsets":[{"start":2174,"text":"Mme DERVILLE"}],"coordinates":[],"confidence":{"state":"pre-added","who":["user:IoanaGalleron"],"prob":1},"fields":{},"normalizations":{}},{"classId":"e_4","part":"s1v1","offsets":[{"start":2208,"text":"Dieu"}],"coordinates":[],"confidence":{"state":"pre-added","who":["ml:stanza","user:cvbrandoe"],"prob":1},"fields":{},"normalizations":{}},{"classId":"e_1","part":"s1v1","offsets":[{"start":2311,"text":"M. DERVILLE"}],"coordinates":[],"confidence":{"state":"pre-added","who":["ml:regex","user:IoanaGalleron"],"prob":1},"fields":{},"normalizations":{}},{"classId":"e_1","part":"s1v1","offsets":[{"start":2725,"text":"MmeDERVILLE"}],"coordinates":[],"confidence":{"state":"pre-added","who":["user:IoanaGalleron"],"prob":1},"fields":{},"normalizations":{}},{"classId":"e_1","part":"s1v1","offsets":[{"start":2935,"text":"MmeAUBERTON"}],"coordinates":[],"confidence":{"state":"pre-added","who":["user:IoanaGalleron"],"prob":1},"fields":{},"normalizations":{}},{"classId":"e_4","part":"s1v1","offsets":[{"start":2979,"text":"Dieu"}],"coordinates":[],"confidence":{"state":"pre-added","who":["ml:stanza","user:cvbrandoe"],"prob":1},"fields":{},"normalizations":{}},{"classId":"e_1","part":"s1v1","offsets":[{"start":3129,"text":"Elise"}],"coordinates":[],"confidence":{"state":"pre-added","who":["ml:stanza"],"prob":1},"fields":{},"normalizations":{}},{"classId":"e_1","part":"s1v1","offsets":[{"start":3511,"text":"Mme DERVILLE"}],"coordinates":[],"confidence":{"state":"pre-added","who":["ml:regex","user:IoanaGalleron"],"prob":1},"fields":{},"normalizations":{}},{"classId":"e_4","part":"s1v1","offsets":[{"start":3902,"text":"la Providence"}],"coordinates":[],"confidence":{"state":"pre-added","who":["ml:regex","user:cvbrandoe"],"prob":1},"fields":{},"normalizations":{}},{"classId":"e_1","part":"s1v1","offsets":[{"start":3933,"text":"Elise"}],"coordinates":[],"confidence":{"state":"pre-added","who":["ml:stanza"],"prob":1},"fields":{},"normalizations":{}},{"classId":"e_1","part":"s1v1","offsets":[{"start":4077,"text":"M. DERVILLE"}],"coordinates":[],"confidence":{"state":"pre-added","who":["ml:regex","user:IoanaGalleron"],"prob":1},"fields":{},"normalizations":{}},{"classId":"e_1","part":"s1v1","offsets":[{"start":4324,"text":"Elise"}],"coordinates":[],"confidence":{"state":"pre-added","who":["ml:stanza"],"prob":1},"fields":{},"normalizations":{}},{"classId":"e_1","part":"s1v1","offsets":[{"start":4471,"text":"Mme Derville"}],"coordinates":[],"confidence":{"state":"pre-added","who":["ml:regex","user:IoanaGalleron"],"prob":1},"fields":{},"normalizations":{}},{"classId":"e_1","part":"s1v1","offsets":[{"start":4553,"text":"Mme Auberton"}],"coordinates":[],"confidence":{"state":"pre-added","who":["ml:regex","user:IoanaGalleron"],"prob":1},"fields":{},"normalizations":{}},{"classId":"e_1","part":"s1v1","offsets":[{"start":4606,"text":"Elise"}],"coordinates":[],"confidence":{"state":"pre-added","who":["ml:stanza"],"prob":1},"fields":{},"normalizations":{}},{"classId":"e_1","part":"s1v1","offsets":[{"start":4927,"text":"Elise"}],"coordinates":[],"confidence":{"state":"pre-added","who":["ml:stanza"],"prob":1},"fields":{},"normalizations":{}},{"classId":"e_1","part":"s1v1","offsets":[{"start":5425,"text":"Mme Auberton"}],"coordinates":[],"confidence":{"state":"pre-added","who":["ml:regex","user:IoanaGalleron"],"prob":1},"fields":{},"normalizations":{}},{"classId":"e_6","part":"s1v1","offsets":[{"start":5634,"text":"LA FAMILLE DERVILLE"}],"coordinates":[],"confidence":{"state":"pre-added","who":["user:IoanaGalleron"],"prob":1},"fields":{},"normalizations":{}},{"classId":"e_1","part":"s1v1","offsets":[{"start":5655,"text":"M. Derville"}],"coordinates":[],"confidence":{"state":"pre-added","who":["ml:regex","user:IoanaGalleron"],"prob":1},"fields":{},"normalizations":{}},{"classId":"e_1","part":"s1v1","offsets":[{"start":5762,"text":"Mme Augusline Auberion"}],"coordinates":[],"confidence":{"state":"pre-added","who":["user:IoanaGalleron"],"prob":1},"fields":{},"normalizations":{}},{"classId":"e_1","part":"s1v1","offsets":[{"start":6193,"text":"M. Derville"}],"coordinates":[],"confidence":{"state":"pre-added","who":["ml:regex","user:IoanaGalleron"],"prob":1},"fields":{},"normalizations":{}},{"classId":"e_1","part":"s1v1","offsets":[{"start":6587,"text":"M. Derville"}],"coordinates":[],"confidence":{"state":"pre-added","who":["ml:regex","user:IoanaGalleron"],"prob":1},"fields":{},"normalizations":{}},{"classId":"e_1","part":"s1v1","offsets":[{"start":6600,"text":"Mlle Auberton"}],"coordinates":[],"confidence":{"state":"pre-added","who":["user:IoanaGalleron"],"prob":1},"fields":{},"normalizations":{}},{"classId":"e_1","part":"s1v1","offsets":[{"start":6717,"text":"M. Auberton"}],"coordinates":[],"confidence":{"state":"pre-added","who":["user:IoanaGalleron"],"prob":1},"fields":{},"normalizations":{}},{"classId":"e_1","part":"s1v1","offsets":[{"start":6904,"text":"M\". 0 Auberton"}],"coordinates":[],"confidence":{"state":"pre-added","who":["user:IoanaGalleron"],"prob":1},"fields":{},"normalizations":{}},{"classId":"e_1","part":"s1v1","offsets":[{"start":6966,"text":"M. Derville"}],"coordinates":[],"confidence":{"state":"pre-added","who":["ml:regex","user:cvbrandoe"],"prob":1},"fields":{},"normalizations":{}},{"classId":"e_1","part":"s1v1","offsets":[{"start":7148,"text":"M. Derville"}],"coordinates":[],"confidence":{"state":"pre-added","who":["ml:regex","user:IoanaGalleron"],"prob":1},"fields":{},"normalizations":{}},{"classId":"e_1","part":"s1v1","offsets":[{"start":7374,"text":"Mme Derville"}],"coordinates":[],"confidence":{"state":"pre-added","who":["ml:regex","user:IoanaGalleron"],"prob":1},"fields":{},"normalizations":{}},{"classId":"e_1","part":"s1v1","offsets":[{"start":7899,"text":"Elise"}],"coordinates":[],"confidence":{"state":"pre-added","who":["ml:stanza"],"prob":1},"fields":{},"normalizations":{}},{"classId":"e_1","part":"s1v1","offsets":[{"start":7907,"text":"Mme Derville"}],"coordinates":[],"confidence":{"state":"pre-added","who":["ml:regex","user:cvbrandoe"],"prob":1},"fields":{},"normalizations":{}}],"annotatable":{"parts":["s1v1"]}}